"StatID","TeamID","SeasonType","Season","Name","Team","Wins","Losses","OpponentPosition","Possessions","GlobalTeamID","Updated","Games","FantasyPoints","Minutes","Seconds","FieldGoalsMade","FieldGoalsAttempted","FieldGoalsPercentage","EffectiveFieldGoalsPercentage","TwoPointersMade","TwoPointersAttempted","TwoPointersPercentage","ThreePointersMade","ThreePointersAttempted","ThreePointersPercentage","FreeThrowsMade","FreeThrowsAttempted","FreeThrowsPercentage","OffensiveRebounds","DefensiveRebounds","Rebounds","OffensiveReboundsPercentage","DefensiveReboundsPercentage","TotalReboundsPercentage","Assists","Steals","BlockedShots","Turnovers","PersonalFouls","Points","TrueShootingAttempts","TrueShootingPercentage","PlayerEfficiencyRating","AssistsPercentage","StealsPercentage","BlocksPercentage","TurnOversPercentage","UsageRatePercentage","FantasyPointsFanDuel","FantasyPointsDraftKings","FantasyPointsYahoo","PlusMinus","DoubleDoubles","TripleDoubles","FantasyPointsFantasyDraft","IsClosed","LineupConfirmed","LineupStatus","OpponentStat__StatID","OpponentStat__TeamID","OpponentStat__SeasonType","OpponentStat__Season","OpponentStat__Name","OpponentStat__Team","OpponentStat__Wins","OpponentStat__Losses","OpponentStat__OpponentPosition","OpponentStat__Possessions","OpponentStat__GlobalTeamID","OpponentStat__Updated","OpponentStat__Games","OpponentStat__FantasyPoints","OpponentStat__Minutes","OpponentStat__Seconds","OpponentStat__FieldGoalsMade","OpponentStat__FieldGoalsAttempted","OpponentStat__FieldGoalsPercentage","OpponentStat__EffectiveFieldGoalsPercentage","OpponentStat__TwoPointersMade","OpponentStat__TwoPointersAttempted","OpponentStat__TwoPointersPercentage","OpponentStat__ThreePointersMade","OpponentStat__ThreePointersAttempted","OpponentStat__ThreePointersPercentage","OpponentStat__FreeThrowsMade","OpponentStat__FreeThrowsAttempted","OpponentStat__FreeThrowsPercentage","OpponentStat__OffensiveRebounds","OpponentStat__DefensiveRebounds","OpponentStat__Rebounds","OpponentStat__OffensiveReboundsPercentage","OpponentStat__DefensiveReboundsPercentage","OpponentStat__TotalReboundsPercentage","OpponentStat__Assists","OpponentStat__Steals","OpponentStat__BlockedShots","OpponentStat__Turnovers","OpponentStat__PersonalFouls","OpponentStat__Points","OpponentStat__TrueShootingAttempts","OpponentStat__TrueShootingPercentage","OpponentStat__PlayerEfficiencyRating","OpponentStat__AssistsPercentage","OpponentStat__StealsPercentage","OpponentStat__BlocksPercentage","OpponentStat__TurnOversPercentage","OpponentStat__UsageRatePercentage","OpponentStat__FantasyPointsFanDuel","OpponentStat__FantasyPointsDraftKings","OpponentStat__FantasyPointsYahoo","OpponentStat__PlusMinus","OpponentStat__DoubleDoubles","OpponentStat__TripleDoubles","OpponentStat__FantasyPointsFantasyDraft","OpponentStat__IsClosed","OpponentStat__LineupConfirmed","OpponentStat__LineupStatus","OpponentStat__OpponentStat"
"576657","3","1","2019","Atlanta Hawks","ATL","29","53","null","12408.2","20000003","2019-06-24T22:18:51","82","25856.4","28790","0","4918.4","10909.8","65.4","75.7","3371.2","6510.5","75.1","1547.2","4399.3","51.0","2092.4","2781.1","109.0","1384.8","4096.2","5481.0","null","null","null","3071.1","978.8","607.6","1976.4","2801.4","13476.3","12133.5","80.5","null","null","null","null","null","null","27442.7","28094.5","27442.7","-3581.5","133.4","2.1","28094.5","False","null","Scrambled","576679","3","1","2019","Atlanta Hawks","ATL","53","29","null","12408.2","20000003","2019-06-24T22:18:51","82","27465.9","28790","81","5086.6","10754.6","68.6","78.4","3617.8","6665.6","78.7","1468.8","4089.0","52.1","2550.6","3365.4","109.9","1263.0","4210.8","5473.8","null","null","null","3192.9","1174.5","649.6","1732.8","2634.6","14192.6","12235.4","84.1","null","null","null","null","null","null","29290.0","29538.3","29290.0","3588.8","123.2","12.6","29538.3","False","null","Scrambled","null"
"576661","8","1","2019","Brooklyn Nets","BKN","42","40","null","12094.4","20000008","2019-06-24T22:18:51","82","25050.6","28941","62","4783.6","10661.8","65.1","75.4","3265.4","6362.6","74.4","1518.2","4299.2","51.2","2250.4","3021.8","108.0","1303.6","4226.8","5530.3","null","null","null","2831.8","780.1","491.6","1712.4","2553.4","13335.6","11991.4","80.6","null","null","null","null","null","null","26322.3","27070.8","26322.3","-50.8","85.6","0.0","27070.8","False","null","Scrambled","576683","8","1","2019","Brooklyn Nets","BKN","40","42","null","12094.4","20000008","2019-06-24T22:18:51","82","25783.5","29000","25","5019.9","10999.7","66.1","74.2","3790.3","7395.0","74.4","1229.6","3604.7","49.4","2095.2","2720.2","111.6","1309.4","4194.8","5504.2","null","null","null","2820.2","926.6","626.4","1522.5","2623.0","13364.6","12196.6","79.5","null","null","null","null","null","null","27336.4","27663.1","27336.4","50.8","142.1","10.2","27663.1","False","null","Scrambled","null"
"575727","9","1","2019","Boston Celtics","BOS","49","33","null","11852.6","20000009","2019-06-24T22:18:51","82","26260.4","28707","54","5006.8","10770.6","67.4","77.4","3510.4","6668.6","76.3","1496.4","4102.0","52.9","1861.8","2320.0","116.3","1167.2","4136.8","5304.1","null","null","null","3126.2","1025.2","630.8","1477.6","2424.4","13371.9","11791.4","82.2","null","null","null","null","null","null","27916.3","28136.5","27916.3","2647.7","79.8","4.2","28136.5","False","null","Scrambled","575731","9","1","2019","Boston Celtics","BOS","33","49","null","11852.6","20000009","2019-06-24T22:18:51","82","24377.8","28653","33","4693.6","10464.6","65.1","74.5","3324.8","6480.0","74.4","1368.8","3984.6","49.9","2070.6","2711.5","110.8","1234.0","4216.6","5450.6","null","null","null","2811.6","804.8","459.6","1735.6","2320.0","12826.7","11657.7","79.8","null","null","null","null","null","null","25642.2","26391.8","25642.2","-2647.7","121.8","6.3","26391.8","False","null","Scrambled","null"
"576656","2","1","2019","Charlotte Hornets","CHA","39","43","null","11760.4","20000002","2019-06-24T22:18:51","82","25063.1","28774","20","4780.6","10674.9","65.0","74.5","3364.0","6639.6","73.5","1416.6","4035.4","50.9","2189.5","2747.8","115.6","1180.3","4028.1","5208.4","null","null","null","2762.2","857.0","587.2","1386.2","2247.5","13167.4","11883.9","80.3","null","null","null","null","null","null","26507.3","26807.6","26507.3","-646.7","55.1","0.0","26807.6","False","null","Scrambled","576678","2","1","2019","Charlotte Hornets","CHA","43","39","null","11760.4","20000002","2019-06-24T22:18:51","82","25993.7","28754","0","4982.2","10601.0","68.2","78.0","3543.8","6614.9","77.7","1438.4","3986.0","52.3","1895.2","2407.0","114.1","1196.2","4250.0","5446.2","null","null","null","3092.8","819.2","713.4","1544.2","2444.7","13298.0","11660.0","82.6","null","null","null","null","null","null","27526.4","27961.8","27526.4","652.5","130.5","8.4","27961.8","False","null","Scrambled","null"
"577255","11","1","2019","Chicago Bulls","CHI","22","60","null","11835.7","20000011","2019-06-24T22:18:51","82","23668.2","28862","77","4735.7","10447.2","65.7","73.2","3655.4","7368.9","71.9","1080.2","3078.4","50.9","1925.6","2457.8","113.5","1041.1","4058.6","5099.6","null","null","null","2605.6","874.4","509.0","1603.7","2411.4","12477.2","11528.7","78.4","null","null","null","null","null","null","25051.5","25376.1","25051.5","-4993.8","74.0","0.0","25376.1","False","null","Scrambled","577259","11","1","2019","Chicago Bulls","CHI","60","22","null","11835.7","20000011","2019-06-24T22:18:51","82","26243.0","28862","45","5022.8","10608.2","68.6","78.4","3587.3","6680.2","77.9","1435.5","3928.0","52.9","1996.6","2617.2","110.6","1194.8","4326.8","5521.6","null","null","null","3036.3","870.0","685.8","1526.8","2224.3","13477.8","11759.8","83.1","null","null","null","null","null","null","27798.8","28182.9","27798.8","4999.6","116.0","8.4","28182.9","False","null","Scrambled","null"
"576663","12","1","2019","Cleveland Cavaliers","CLE","19","63","null","11458.6","20000012","2019-06-24T22:18:51","82","22813.7","28645","0","4624.0","10416.8","64.4","72.9","3395.9","6954.2","70.8","1228.2","3462.6","51.5","1945.9","2456.3","114.8","1274.6","3797.6","5072.1","null","null","null","2462.1","774.3","282.8","1502.2","2380.9","12422.2","11497.6","78.3","null","null","null","null","null","null","23870.8","24567.4","23870.8","-5713.0","89.9","0.0","24567.4","False","null","Scrambled","576685","12","1","2019","Cleveland Cavaliers","CLE","63","19","null","11458.6","20000012","2019-06-24T22:18:51","82","25988.2","28645","0","5131.6","10364.6","71.8","81.8","3704.8","6609.1","81.3","1426.8","3755.5","55.1","1874.8","2436.0","111.6","1133.9","4110.8","5244.6","null","null","null","3055.2","823.6","665.6","1431.2","2308.4","13564.8","11436.4","86.0","null","null","null","null","null","null","27477.4","27836.0","27477.4","5713.0","97.2","10.5","27836.0","False","null","Scrambled","null"
"576674","25","1","2019","Dallas Mavericks","DAL","33","49","null","11764.6","20000025","2019-06-24T22:18:51","82","24525.6","28681","0","4613.9","10326.9","64.8","75.3","3132.0","5974.0","76.0","1481.9","4352.9","49.3","2234.4","3010.2","107.6","1206.4","4181.8","5388.2","null","null","null","2781.1","772.8","509.0","1619.6","2392.5","12944.2","11651.4","80.5","null","null","null","null","null","null","25807.4","26530.6","25807.4","-761.2","110.2","13.0","26530.6","False","null","Scrambled","576696","25","1","2019","Dallas Mavericks","DAL","49","33","null","11764.6","20000025","2019-06-24T22:18:51","82","25307.9","28685","48","4867.6","10608.2","66.6","75.7","3536.6","6741.0","76.1","1331.1","3867.2","49.9","2030.0","2612.9","112.7","1212.2","4118.0","5330.2","null","null","null","2916.0","932.4","533.6","1490.6","2763.7","13096.4","11757.9","80.8","null","null","null","null","null","null","26773.8","27185.3","26773.8","765.6","121.8","11.6","27185.3","False","null","Scrambled","null"
"576669","20","1","2019","Denver Nuggets","DEN","54","28","null","11583.9","20000020","2019-06-24T22:18:51","82","26023.6","28608","0","4986.6","10706.8","67.6","76.4","3677.2","6978.8","76.4","1309.4","3728.0","50.9","1876.3","2485.3","109.5","1409.4","4106.4","5515.8","null","null","null","3255.2","919.3","526.4","1528.3","2383.8","13158.8","11800.3","80.9","null","null","null","null","null","null","27469.2","27942.2","27469.2","2349.0","132.0","17.4","27942.2","False","null","Scrambled","576691","20","1","2019","Denver Nuggets","DEN","28","54","null","11583.9","20000020","2019-06-24T22:18:51","82","24538.1","28613","57","4706.7","10271.8","66.4","75.5","3420.6","6475.7","76.6","1286.2","3796.1","49.2","1989.4","2641.9","109.2","1158.6","3893.2","5051.8","null","null","null","2923.2","884.5","590.2","1547.2","2428.8","12689.0","11434.2","80.5","null","null","null","null","null","null","26012.7","26368.2","26012.7","-2350.4","104.4","4.2","26368.2","False","null","Scrambled","null"
"576665","14","1","2019","Detroit Pistons","DET","41","41","null","11598.9","20000014","2019-06-24T22:18:51","82","24228.2","28790","19","4618.2","10495.1","63.8","73.8","3178.4","6355.4","72.5","1439.8","4139.8","50.5","2051.8","2744.8","108.3","1357.2","3990.4","5347.6","null","null","null","2675.2","825.0","480.0","1539.9","2626.0","12728.1","11702.8","78.9","null","null","null","null","null","null","25533.2","26185.6","25533.2","-147.9","130.5","4.2","26185.6","False","null","Scrambled","576687","14","1","2019","Detroit Pistons","DET","41","41","null","11598.9","20000014","2019-06-24T22:18:51","82","24447.3","28819","86","4743.0","10105.0","68.0","76.3","3603.2","6802.0","76.8","1139.7","3303.1","50.0","2131.5","2823.2","109.5","1083.2","4109.3","5192.4","null","null","null","2813.0","820.7","607.6","1616.8","2534.6","12757.1","11347.2","81.5","null","null","null","null","null","null","25875.5","26217.8","25875.5","139.2","88.4","0.0","26217.8","False","null","Scrambled","null"
"575729","26","1","2019","Golden State Warriors","GS","57","25","null","12010.1","20000026","2019-06-24T22:18:51","82","27529.6","28717","0","5237.4","10673.4","71.2","81.9","3661.2","6578.6","80.8","1576.2","4094.8","55.8","1941.6","2424.4","116.1","1155.6","4335.5","5491.2","null","null","null","3498.8","906.2","761.2","1635.6","2547.6","13992.5","11740.2","86.4","null","null","null","null","null","null","29197.1","29501.3","29197.1","3842.5","58.0","4.2","29501.3","False","null","Scrambled","575733","26","1","2019","Golden State Warriors","GS","25","57","null","12010.1","20000026","2019-06-24T22:18:51","82","25022.2","28777","64","4806.8","10833.0","64.4","73.7","3422.0","6841.1","72.5","1384.8","3991.8","50.3","2225.8","2881.2","112.1","1284.7","3987.5","5272.2","null","null","null","2884.0","913.5","427.8","1537.0","2321.4","13224.0","12100.7","79.2","null","null","null","null","null","null","26363.5","26929.4","26363.5","-3842.5","114.6","10.5","26929.4","False","null","Scrambled","null"
"576671","22","1","2019","Houston Rockets","HOU","53","29","null","11650.9","20000022","2019-06-24T22:18:51","82","25031.8","28754","0","4666.1","10386.4","65.1","78.6","2747.8","4990.9","79.9","1918.4","5395.4","51.6","2293.9","2901.4","114.7","1212.2","3788.8","5001.0","null","null","null","2524.4","1015.0","587.2","1505.1","2614.4","13544.4","11663.0","84.2","null","null","null","null","null","null","26634.0","27254.6","26634.0","2834.8","162.4","11.6","27254.6","False","null","Scrambled","576693","22","1","2019","Houston Rockets","HOU","29","53","null","11650.9","20000022","2019-06-24T22:18:51","82","24762.8","28754","6","4803.8","10303.7","67.6","76.1","3598.9","6759.9","77.1","1205.0","3543.8","49.3","2164.8","2818.8","111.4","1303.6","4096.2","5399.8","null","null","null","2798.5","880.2","535.0","1722.6","2378.0","12977.5","11544.0","81.5","null","null","null","null","null","null","26178.0","26690.2","26178.0","-2834.8","123.2","8.4","26690.2","False","null","Scrambled","null"
"576664","13","1","2019","Indiana Pacers","IND","48","34","null","11615.0","20000013","2019-06-24T22:18:51","82","25268.6","28588","58","4915.5","10345.8","68.9","76.8","3786.0","7328.3","75.0","1129.6","3017.4","54.2","1882.1","2504.2","109.0","1104.9","4010.7","5115.6","null","null","null","3085.6","1033.8","585.8","1580.5","2311.3","12842.6","11447.6","81.3","null","null","null","null","null","null","26888.2","27036.0","26888.2","1986.5","104.4","0.0","27036.0","False","null","Scrambled","576686","13","1","2019","Indiana Pacers","IND","34","48","null","11615.0","20000013","2019-06-24T22:18:51","82","24261.4","28572","77","4606.6","10235.6","65.2","74.8","3255.2","6417.7","73.5","1351.4","3817.8","51.3","1882.1","2491.1","109.6","1249.9","3941.1","5191.0","null","null","null","2908.7","881.6","616.2","1773.4","2380.9","12446.8","11331.6","79.6","null","null","null","null","null","null","25759.2","26259.5","25759.2","-1970.6","111.6","8.4","26259.5","False","null","Scrambled","null"
"576675","28","1","2019","Los Angeles Clippers","LAC","48","34","null","12111.6","20000028","2019-06-24T22:18:51","82","25568.4","28754","58","4906.8","10408.1","68.3","76.7","3716.4","7337.0","73.5","1190.4","3071.1","56.3","2686.8","3393.0","114.8","1154.2","4257.2","5411.4","null","null","null","2856.5","812.0","558.2","1641.4","2773.8","13690.9","11901.0","83.4","null","null","null","null","null","null","26938.7","27385.4","26938.7","501.7","85.6","2.1","27385.4","False","null","Scrambled","576697","28","1","2019","Los Angeles Clippers","LAC","34","48","null","12111.6","20000028","2019-06-24T22:18:51","82","26313.4","28754","0","4963.4","10862.0","66.3","74.5","3732.3","7270.3","74.4","1231.0","3591.6","49.7","2431.6","3130.6","112.7","1341.2","4097.7","5439.0","null","null","null","2865.2","981.6","722.1","1508.0","2855.0","13589.4","12239.4","80.5","null","null","null","null","null","null","28017.2","28146.3","28017.2","-507.5","121.8","8.4","28146.3","False","null","Scrambled","null"
"577257","27","1","2019","Los Angeles Lakers","LAL","37","45","null","12254.0","20000027","2019-06-24T22:18:51","82","25756.4","28681","0","5062.0","10766.2","68.2","76.4","3833.8","7081.8","78.4","1228.2","3684.4","48.3","1937.2","2769.5","101.4","1210.8","4328.2","5539.0","null","null","null","3039.2","896.1","638.0","1806.7","2466.4","13289.2","11984.8","80.3","null","null","null","null","null","null","27290.4","27763.9","27290.4","-1022.2","127.6","14.5","27763.9","False","null","Scrambled","577261","27","1","2019","Los Angeles Lakers","LAL","45","37","null","12254.0","20000027","2019-06-24T22:18:51","82","26244.9","28733","61","4985.1","11034.5","65.5","74.8","3577.2","6997.7","74.1","1408.0","4036.8","50.6","2115.6","2699.9","113.7","1339.8","4231.1","5570.9","null","null","null","2976.8","990.4","610.4","1600.8","2473.7","13493.7","12222.5","80.0","null","null","null","null","null","null","27845.7","28234.4","27845.7","1022.2","133.4","6.3","28234.4","False","null","Scrambled","null"
"576670","21","1","2019","Memphis Grizzlies","MEM","33","49","null","11509.5","20000021","2019-06-24T22:18:51","82","24258.1","28826","41","4513.8","10039.8","65.2","73.7","3337.9","6606.2","73.2","1176.0","3433.6","49.6","2106.8","2728.9","111.9","1048.4","3919.4","4967.7","null","null","null","2846.4","991.8","649.6","1566.0","2611.4","12310.5","11240.5","79.5","null","null","null","null","null","null","25899.5","26025.3","25899.5","-1541.4","91.4","10.5","26025.3","False","null","Scrambled","576692","21","1","2019","Memphis Grizzlies","MEM","49","33","null","11509.5","20000021","2019-06-24T22:18:51","82","24422.1","28875","23","4470.4","9912.2","65.4","75.4","3091.4","6085.6","73.7","1379.0","3826.6","52.2","2299.7","2933.4","113.7","1132.4","4180.4","5312.8","null","null","null","2784.0","906.2","582.9","1727.0","2549.1","12619.4","11202.9","81.6","null","null","null","null","null","null","25911.2","26419.0","25911.2","1544.2","111.6","10.5","26419.0","False","null","Scrambled","null"
"576658","4","1","2019","Miami Heat","MIA","39","43","null","11632.2","20000004","2019-06-24T22:18:51","82","24953.8","28608","16","4714.0","10466.1","65.2","74.7","3368.4","6612.0","73.8","1345.6","3854.1","50.6","1795.1","2583.9","100.8","1335.4","4174.6","5510.0","null","null","null","2887.0","909.2","649.6","1674.8","2482.4","12568.6","11603.0","78.6","null","null","null","null","null","null","26512.5","26893.9","26512.5","-134.8","100.0","4.2","26893.9","False","null","Scrambled","576680","4","1","2019","Miami Heat","MIA","43","39","null","11632.2","20000004","2019-06-24T22:18:51","82","24361.6","28608","0","4554.4","10318.2","63.9","74.0","3143.6","6378.6","71.5","1410.8","3939.6","51.9","2076.4","2698.4","111.5","1206.4","4047.0","5253.4","null","null","null","2773.8","887.4","564.0","1602.2","2395.4","12596.2","11505.5","79.3","null","null","null","null","null","null","25813.0","26285.2","25813.0","137.8","97.2","8.4","26285.2","False","null","Scrambled","null"
"576666","15","1","2019","Milwaukee Bucks","MIL","60","22","null","12285.8","20000015","2019-06-24T22:18:51","82","27403.0","28682","75","5154.8","10833.0","69.0","79.8","3552.5","6288.6","81.9","1602.2","4544.3","51.2","2133.0","2760.8","112.1","1104.9","4808.2","5913.1","null","null","null","3097.2","891.8","704.7","1576.2","2331.6","14044.7","12047.7","84.5","null","null","null","null","null","null","28999.4","29477.0","28999.4","5262.0","117.4","12.6","29477.0","False","null","Scrambled","576688","15","1","2019","Milwaukee Bucks","MIL","22","60","null","12285.8","20000015","2019-06-24T22:18:51","82","25082.8","28681","42","4816.9","11120.0","62.8","72.9","3261.0","6804.8","69.5","1555.8","4315.2","52.3","1800.9","2456.3","106.3","1178.8","4207.9","5386.8","null","null","null","2945.0","806.2","572.8","1547.2","2396.8","12990.6","12200.8","77.1","null","null","null","null","null","null","26461.8","27066.8","26461.8","-5267.8","97.2","11.6","27066.8","False","null","Scrambled","null"
"576667","16","1","2019","Minnesota Timberwolves","MIN","36","46","null","11939.6","20000016","2019-06-24T22:18:51","82","25832.6","28813","64","4948.8","10850.4","66.1","74.1","3749.7","7432.7","73.1","1199.2","3417.6","50.9","2276.5","2892.8","114.1","1338.4","3987.5","5325.8","null","null","null","2926.1","990.4","596.0","1493.5","2412.8","13373.4","12123.2","80.0","null","null","null","null","null","null","27418.9","27651.9","27418.9","-891.8","137.8","0.0","27651.9","False","null","Scrambled","576689","16","1","2019","Minnesota Timberwolves","MIN","46","36","null","11939.6","20000016","2019-06-24T22:18:51","82","25916.0","28754","16","5005.4","10709.7","67.7","78.0","3496.0","6719.3","75.4","1509.4","3990.4","54.8","2031.4","2649.2","111.2","1335.4","4091.9","5427.4","null","null","null","3110.2","781.6","659.8","1696.5","2602.8","13551.7","11875.3","82.8","null","null","null","null","null","null","27357.3","27986.1","27357.3","894.6","124.7","8.4","27986.1","False","null","Scrambled","null"
"576672","23","1","2019","New Orleans Pelicans","NO","33","49","null","12276.8","20000023","2019-06-24T22:18:51","82","26618.5","28649","48","5192.4","10967.8","68.6","76.7","3971.6","7416.8","77.6","1220.9","3551.0","49.9","2119.9","2785.4","110.3","1318.0","4305.0","5623.1","null","null","null","3213.2","884.5","639.4","1722.6","2512.8","13725.7","12193.4","81.6","null","null","null","null","null","null","28142.5","28665.0","28142.5","-785.9","185.6","10.2","28665.0","False","null","Scrambled","576694","23","1","2019","New Orleans Pelicans","NO","49","33","null","12276.8","20000023","2019-06-24T22:18:51","82","26915.8","28646","77","5146.0","11034.5","67.6","77.1","3687.4","7023.8","76.1","1458.7","4010.7","52.8","2133.0","2792.7","110.8","1302.1","4139.8","5441.8","null","null","null","3152.3","1017.9","645.2","1553.0","2496.9","13883.8","12263.3","82.1","null","null","null","null","null","null","28578.9","28904.7","28578.9","787.4","132.0","12.6","28904.7","False","null","Scrambled","null"
"576660","6","1","2019","New York Knicks","NY","17","65","null","11834.0","20000006","2019-06-24T22:18:51","82","23643.1","28681","4","4544.3","10499.4","62.8","71.0","3351.0","6989.0","69.5","1193.4","3510.4","49.3","2153.2","2839.1","109.9","1242.6","4076.0","5318.6","null","null","null","2386.7","807.6","611.9","1593.6","2483.8","12435.2","11748.7","76.7","null","null","null","null","null","null","25062.7","25476.5","25062.7","-5473.8","114.6","2.1","25476.5","False","null","Scrambled","576682","6","1","2019","New York Knicks","NY","65","17","null","11834.0","20000006","2019-06-24T22:18:51","82","26448.6","28680","84","4979.3","10660.4","67.7","77.3","3574.2","6784.6","76.4","1405.0","3875.8","52.6","2163.4","2821.7","111.2","1277.4","4373.2","5650.6","null","null","null","3042.1","880.2","664.1","1510.9","2476.6","13527.0","11901.9","82.4","null","null","null","null","null","null","27992.8","28376.1","27992.8","5473.8","120.4","6.3","28376.1","False","null","Scrambled","null"
"575728","18","1","2019","Oklahoma City Thunder","OKC","49","33","null","12273.9","20000018","2019-06-24T22:18:51","82","26471.1","28790","35","5070.6","11173.7","65.8","74.5","3719.2","7292.0","74.0","1351.4","3881.6","50.5","2118.4","2971.0","103.4","1495.0","4221.0","5715.9","null","null","null","2779.6","1110.7","616.2","1622.6","2666.6","13611.2","12481.0","79.0","null","null","null","null","null","null","28198.0","28581.0","28198.0","2022.8","174.0","50.8","28581.0","False","null","Scrambled","575732","18","1","2019","Oklahoma City Thunder","OKC","33","49","null","12273.9","20000018","2019-06-24T22:18:51","82","25412.6","28817","45","4847.4","10544.4","66.7","75.8","3510.4","6786.0","75.0","1336.9","3758.4","51.6","2175.0","2858.0","110.3","1176.0","4257.2","5433.2","null","null","null","2956.6","974.4","601.8","1901.0","2673.8","13206.6","11801.9","81.2","null","null","null","null","null","null","26988.7","27470.6","26988.7","-2028.6","110.2","2.1","27470.6","False","null","Scrambled","null"
"576659","5","1","2019","Orlando Magic","ORL","42","40","null","11660.1","20000005","2019-06-24T22:18:51","82","25159.4","28745","16","4808.2","10595.2","65.8","75.1","3449.6","6777.3","73.8","1358.6","3817.8","51.6","1785.0","2283.8","113.4","1191.9","4207.9","5399.8","null","null","null","3037.8","787.4","645.2","1502.2","2212.7","12760.0","11600.0","79.8","null","null","null","null","null","null","26592.0","27055.6","26592.0","419.0","129.0","2.1","27055.6","False","null","Scrambled","576681","5","1","2019","Orlando Magic","ORL","40","42","null","11660.1","20000005","2019-06-24T22:18:51","82","24392.2","28678","32","4747.3","10418.2","66.1","74.7","3503.2","6829.5","74.4","1244.1","3588.8","50.3","1937.2","2489.6","112.8","1071.6","4236.9","5308.4","null","null","null","2743.4","833.8","524.9","1486.2","2228.6","12675.9","11513.7","79.8","null","null","null","null","null","null","25750.8","26168.5","25750.8","-419.0","92.8","6.3","26168.5","False","null","Scrambled","null"
"575726","7","1","2019","Philadelphia 76ers","PHI","51","31","null","12105.7","20000007","2019-06-24T22:18:51","82","26601.6","28717","45","4940.2","10487.8","68.3","77.3","3651.1","6900.6","76.7","1289.0","3587.3","52.1","2525.9","3274.1","111.8","1293.4","4386.2","5679.6","null","null","null","3200.2","878.7","626.4","1719.7","2530.2","13695.2","11928.5","83.2","null","null","null","null","null","null","28106.7","28664.0","28106.7","1602.2","165.3","17.4","28664.0","False","null","Scrambled","575730","7","1","2019","Philadelphia 76ers","PHI","31","51","null","12105.7","20000007","2019-06-24T22:18:51","82","25104.9","28722","83","4956.1","10883.7","66.0","74.2","3733.8","7310.9","74.1","1222.4","3572.8","49.6","2240.2","2916.0","111.4","1193.4","3977.4","5170.7","null","null","null","2779.6","919.3","487.2","1457.2","2633.2","13374.8","12166.7","79.8","null","null","null","null","null","null","26511.4","26846.8","26511.4","-1596.4","88.4","10.5","26846.8","False","null","Scrambled","null"
"576676","29","1","2019","Phoenix Suns","PHO","19","63","null","12021.0","20000029","2019-06-24T22:18:51","82","24339.3","28826","0","4769.0","10387.8","66.6","74.5","3623.6","6907.8","76.1","1145.5","3480.0","47.7","2098.2","2694.1","113.0","1084.6","3716.4","4801.0","null","null","null","2837.6","1065.8","606.1","1803.8","2801.4","12781.8","11573.2","80.0","null","null","null","null","null","null","26011.1","26204.0","26011.1","-5553.5","100.0","0.0","26204.0","False","null","Scrambled","576698","29","1","2019","Phoenix Suns","PHO","63","19","null","12021.0","20000029","2019-06-24T22:18:51","82","26767.9","28826","35","5048.9","10483.5","69.9","79.0","3726.5","6925.2","78.0","1322.4","3558.3","53.9","2472.2","3281.4","109.2","1408.0","4200.6","5608.6","null","null","null","3082.7","1068.6","596.0","1808.2","2456.3","13892.4","11927.3","84.4","null","null","null","null","null","null","28432.5","28809.3","28432.5","5553.5","124.7","8.4","28809.3","False","null","Scrambled","null"
"577256","19","1","2019","Portland Trail Blazers","POR","53","29","null","11829.9","20000019","2019-06-24T22:18:51","82","25783.2","28793","71","5031.5","10769.2","67.7","76.6","3720.7","7115.2","75.8","1310.8","3654.0","52.1","2259.1","2775.3","118.0","1402.2","4303.6","5705.8","null","null","null","2736.2","791.7","598.8","1582.0","2420.0","13632.9","11990.3","82.5","null","null","null","null","null","null","27173.7","27695.4","27173.7","2492.6","114.6","8.4","27695.4","False","null","Scrambled","577260","19","1","2019","Portland Trail Blazers","POR","29","53","null","11829.9","20000019","2019-06-24T22:18:51","82","24940.6","28790","0","4888.0","10706.8","66.3","74.8","3614.8","7164.4","73.2","1273.1","3542.4","52.1","2085.1","2708.6","111.6","1220.9","3871.5","5092.4","null","null","null","2763.7","874.4","609.0","1416.6","2463.6","13134.1","11898.6","80.0","null","null","null","null","null","null","26423.9","26696.7","26423.9","-2494.0","95.7","12.6","26696.7","False","null","Scrambled","null"
"576673","24","1","2019","San Antonio Spurs","SA","48","34","null","11714.9","20000024","2019-06-24T22:18:51","82","25202.3","28771","86","5028.6","10511.0","69.3","77.4","3851.2","7508.1","74.4","1177.4","3003.0","56.8","2041.6","2494.0","118.8","1097.6","4219.5","5317.2","null","null","null","2918.8","726.4","559.7","1405.0","2156.2","13276.2","11608.4","82.9","null","null","null","null","null","null","26488.5","26885.5","26488.5","993.2","82.6","2.1","26885.5","False","null","Scrambled","576695","24","1","2019","San Antonio Spurs","SA","34","48","null","11714.9","20000024","2019-06-24T22:18:51","82","25024.8","28717","41","4935.8","10663.3","67.1","76.6","3542.4","6780.2","75.7","1393.4","3883.1","52.1","1811.0","2398.3","109.5","1096.2","4123.8","5220.0","null","null","null","2936.2","854.0","481.4","1390.6","2336.0","13076.1","11718.6","80.9","null","null","null","null","null","null","26360.3","26841.0","26360.3","-1000.5","104.4","6.3","26841.0","False","null","Scrambled","null"
"576677","30","1","2019","Sacramento Kings","SAC","39","43","null","12228.7","20000030","2019-06-24T22:18:51","82","26076.1","28623","84","5134.4","11073.6","67.3","76.0","3790.3","7513.9","73.1","1344.2","3559.8","54.8","1963.3","2704.2","105.3","1313.7","4087.6","5401.2","null","null","null","3020.4","984.6","526.4","1534.1","2539.0","13576.4","12263.5","80.3","null","null","null","null","null","null","27587.0","27946.2","27587.0","-669.9","105.8","2.1","27946.2","False","null","Scrambled","576699","30","1","2019","Sacramento Kings","SAC","43","39","null","12228.7","20000030","2019-06-24T22:18:51","82","26149.9","28611","26","5024.2","10773.5","67.6","77.3","3594.6","6659.8","78.3","1429.7","4113.6","50.5","2231.6","2897.1","111.6","1329.6","4371.8","5701.4","null","null","null","2934.8","896.1","609.0","1814.0","2541.8","13709.8","12048.2","82.5","null","null","null","null","null","null","27655.0","28274.3","27655.0","662.6","133.4","11.6","28274.3","False","null","Scrambled","null"
"576662","10","1","2019","Toronto Raptors","TOR","58","24","null","11948.7","20000010","2019-06-24T22:18:51","82","26244.6","28826","0","5017.0","10592.2","68.7","78.7","3545.2","6574.3","78.2","1471.8","4018.0","53.1","2101.0","2614.4","116.6","1139.7","4234.0","5373.7","null","null","null","3023.2","986.0","633.6","1584.8","2499.8","13606.8","11742.6","84.0","null","null","null","null","null","null","27864.2","28226.4","27864.2","3617.8","120.4","4.2","28226.4","False","null","Scrambled","576684","10","1","2019","Toronto Raptors","TOR","24","58","null","11948.7","20000010","2019-06-24T22:18:51","82","24819.9","28826","35","4787.9","10660.4","65.1","73.8","3509.0","6949.8","73.2","1278.9","3710.6","50.0","2028.6","2652.0","110.9","1257.2","4065.8","5323.0","null","null","null","2917.4","901.9","533.6","1698.0","2440.4","12883.2","11827.3","79.0","null","null","null","null","null","null","26255.4","26746.3","26255.4","-3620.6","107.3","10.5","26746.3","False","null","Scrambled","null"
"576668","17","1","2019","Utah Jazz","UTA","50","32","null","11923.9","20000017","2019-06-24T22:18:51","82","26105.4","28648","13","4805.3","10268.9","67.9","78.0","3365.4","6224.8","78.4","1439.8","4044.0","51.6","2233.0","3033.4","106.7","1189.0","4322.4","5511.4","null","null","null","3092.8","961.4","700.4","1754.5","2505.6","13283.4","11603.6","82.9","null","null","null","null","null","null","27767.1","28204.3","27767.1","3127.6","150.8","0.0","28204.3","False","null","Scrambled","576690","17","1","2019","Utah Jazz","UTA","32","50","null","11923.9","20000017","2019-06-24T22:18:51","82","24101.9","28645","0","4750.2","10516.8","65.5","73.5","3581.5","7221.0","71.9","1168.7","3295.8","51.5","1989.4","2641.9","109.2","1062.8","4004.9","5067.8","null","null","null","2566.5","1007.8","545.2","1593.6","2660.8","12658.5","11679.3","78.6","null","null","null","null","null","null","25654.8","25873.4","25654.8","-3124.8","88.4","4.2","25873.4","False","null","Scrambled","null"
"577254","1","1","2019","Washington Wizards","WAS","32","50","null","12134.9","20000001","2019-06-24T22:18:51","82","25741.3","28898","0","5011.2","10711.2","67.9","77.0","3662.7","6751.2","78.7","1348.5","3960.0","49.4","2186.6","2846.4","111.4","1152.8","3883.1","5035.8","null","null","null","3123.3","990.4","549.6","1624.0","2466.4","13557.5","11963.5","82.2","null","null","null","null","null","null","27281.2","27638.1","27281.2","-1725.5","101.5","6.3","27638.1","False","null","Scrambled","577258","1","1","2019","Washington Wizards","WAS","50","32","null","12134.9","20000001","2019-06-24T22:18:51","82","26466.1","28898","0","5162.0","10764.8","69.6","79.2","3720.7","6865.8","78.6","1441.3","3899.0","53.6","2137.3","2747.8","112.8","1357.2","4261.6","5618.8","null","null","null","3119.0","915.0","548.1","1783.5","2524.4","13902.6","11973.8","84.2","null","null","null","null","null","null","27929.2","28572.6","27929.2","1725.5","140.6","2.1","28572.6","False","null","Scrambled","null"
